{
  "name": "adal-angular",
  "version": "1.0.9",
  "homepage": "https://github.com/AzureAD/azure-activedirectory-library-for-js",
  "authors": [
    "MSOpentech"
  ],
  "description": "Azure Active Directory Client Library for js",
  "main": [
    "./lib/adal.js",
    "./lib/adal-angular.js"
  ],
  "moduleType": [
    "node"
  ],
  "keywords": [
    "adal",
    "oauth",
    "active",
    "directory",
    "azure"
  ],
  "licenses": [
    {
      "type": "Apache 2.0",
      "url": "http://www.apache.org/licenses/LICENSE-2.0"
    }
  ],
  "ignore": [
    "**/.*",
    "node_modules",
    "bower_components",
    "test",
    "tests"
  ],
  "dependencies": {
    "angular": "*"
  },
  "devDependencies": {
    "angular-resource": "~1.2.26",
    "angular-mocks": "~1.2.16",
    "jasmine": "2.0.0",
    "angular-route": "~1.2.26"
  },
  "_release": "1.0.9",
  "_resolution": {
    "type": "version",
    "tag": "1.0.9",
    "commit": "24edd5e21f2b263b650f365d5d5f963d786eeb19"
  },
  "_source": "https://github.com/AzureAD/azure-activedirectory-library-for-js.git",
  "_target": "1.0.9",
  "_originalSource": "adal-angular"
}