{
  "name": "angular-sanitize",
  "version": "1.5.2",
  "license": "MIT",
  "main": "./angular-sanitize.js",
  "ignore": [],
  "dependencies": {
    "angular": "1.5.2"
  },
  "homepage": "https://github.com/angular/bower-angular-sanitize",
  "_release": "1.5.2",
  "_resolution": {
    "type": "version",
    "tag": "v1.5.2",
    "commit": "d37d54daf0f354debf52740e7bfadea7cb0562a1"
  },
  "_source": "https://github.com/angular/bower-angular-sanitize.git",
  "_target": "1.5.2",
  "_originalSource": "angular-sanitize"
}