﻿<?xml version="1.0" encoding="UTF-8"?>
<!--Created:cb85b80c-f585-40ff-8bfc-12ff4d0e34a9-->
<OfficeApp xmlns="http://schemas.microsoft.com/office/appforoffice/1.0" xmlns:xsi="http://www.w3.org/2001/XMLSchema-instance" xsi:type="TaskPaneApp">
  <Id>4912B9C3-F7EB-4AA8-AB49-1E843711EEDD</Id>
  <Version>1.0.0.0</Version>
  <ProviderName>Microsoft Corporation</ProviderName>
  <DefaultLocale>en-US</DefaultLocale>
  <DisplayName DefaultValue="Matter Center Beta New" />
  <Description DefaultValue="Matter Center Beta App allows you to search matters, document, filing documents to matter and even create new matters." />
  <IconUrl DefaultValue="https://BCBSNCMatterCenterWebApp09121754.azurewebsites.net/Images/32x32-logo.png" />
  <AppDomains>
    <AppDomain>https://login.microsoftonline.com/</AppDomain>
    <AppDomain>https://matterwebapp.azurewebsites.net</AppDomain>
    <AppDomain>https://msmatter.sharepoint.com</AppDomain>
  </AppDomains>
  <Capabilities>
    <Capability Name="Workbook" />
    <Capability Name="Presentation" />
    <Capability Name="Project" />
    <Capability Name="Document" />
  </Capabilities>
  <DefaultSettings>
    <SourceLocation DefaultValue="https://BCBSNCMatterCenterWebApp09121754.azurewebsites.net" />
  </DefaultSettings>
  <Permissions>Restricted</Permissions>
</OfficeApp>