﻿<?xml version="1.0" encoding="utf-8"?>
<!--Published:70EDFC97-B41D-43C5-B751-7C00AD999804-->
<!--Created:cb85b80c-f585-40ff-8bfc-12ff4d0e34a9-->
<OfficeApp xmlns="http://schemas.microsoft.com/office/appforoffice/1.1" xmlns:xsi="http://www.w3.org/2001/XMLSchema-instance" xsi:type="MailApp">
  <Id>1078CC24-E89C-48F8-AFA1-CB3321636966</Id>
  <Version>1.0.0.0</Version>
  <ProviderName>Microsoft Corporation</ProviderName>
  <DefaultLocale>en-US</DefaultLocale>
  <DisplayName DefaultValue="Matter Center Beta" />
  <Description DefaultValue="Matter Center Beta App allows you to search Matters, Documents and create Matter for particular Client" />
  <IconUrl DefaultValue="https://BCBSNCMatterCenterWebApp09121754.azurewebsites.net/Images/64x64-logo.png" />
  <AppDomains>
    <AppDomain>https://login.microsoftonline.com/</AppDomain>
    <AppDomain>https://BCBSNCMatterCenterWebApp09121754.azurewebsites.net</AppDomain>
    <AppDomain>https://cdnjs.cloudflare.com/</AppDomain>
    <AppDomain>https://bcbsnc.sharepoint.com</AppDomain>
  </AppDomains>
  <Hosts>
    <Host Name="Mailbox" />
  </Hosts>
  <Requirements>
    <Sets>
      <Set Name="MailBox" MinVersion="1.1" />
    </Sets>
  </Requirements>
  <FormSettings>
    <Form xsi:type="ItemRead">
      <DesktopSettings>
        <SourceLocation DefaultValue="https://BCBSNCMatterCenterWebApp09121754.azurewebsites.net" />
        <!-- change url to https://matterwebapp.azurewebsites.net/app/launchDialog.html once dialog API for OWA is released -->
        <RequestedHeight>450</RequestedHeight>
      </DesktopSettings>
      <TabletSettings>
        <SourceLocation DefaultValue="https://BCBSNCMatterCenterWebApp09121754.azurewebsites.net" />
        <RequestedHeight>300</RequestedHeight>
      </TabletSettings>
      <PhoneSettings>
        <SourceLocation DefaultValue="https://BCBSNCMatterCenterWebApp09121754.azurewebsites.net" />
      </PhoneSettings>
    </Form>
    <Form xsi:type="ItemEdit">
      <DesktopSettings>
        <SourceLocation DefaultValue="https://BCBSNCMatterCenterWebApp09121754.azurewebsites.net" />
      </DesktopSettings>
    </Form>
  </FormSettings>
  <Permissions>ReadWriteItem</Permissions>
  <Rule xsi:type="RuleCollection" Mode="Or">
    <Rule xsi:type="ItemIs" ItemType="Message" FormType="Edit" />
    <Rule xsi:type="ItemIs" ItemType="Message" FormType="Read" />
    <Rule xsi:type="ItemIs" ItemType="Appointment" FormType="Read" />
  </Rule>
</OfficeApp>